"Data operação","Categoria","Código Ativo","Operação C/V","Quantidade","Preço unitário","Corretora"
"2026-06-09","ETF","HASH11","Venda","22.00000000","40.79000000","investidor10"
"2026-05-11","FII","INLG11","Compra","6.00000000","70.49000000","investidor10"
"2026-05-11","FII","VGRI11","Compra","150.00000000","6.51000000","investidor10"
"2026-04-14","Internacional","VSS","Compra","2.74469907","156.68000000","investidor10"
"2026-04-14","Internacional","VXUS","Compra","7.25557772","82.70000000","investidor10"
"2026-02-26","FII","GARE11","Compra","150.00000000","8.56000000","investidor10"
"2026-02-09","FII","XPLG11","Compra","8.00000000","102.91000000","investidor10"
"2026-02-09","FII","MXRF11","Compra","130.00000000","9.62000000","investidor10"
"2026-02-09","FII","XPML11","Compra","10.00000000","110.53000000","investidor10"
"2026-02-09","FII","KNCR11","Compra","7.00000000","105.33000000","investidor10"
"2026-02-09","FII","CPTS11","Compra","90.00000000","8.16000000","investidor10"
"2026-02-09","FII","KORE11","Compra","10.00000000","73.49000000","investidor10"
"2026-01-12","ETF","NDIV11","Compra","3.00000000","121.06000000","investidor10"
"2026-01-12","ETF","NSDV11","Compra","4.00000000","146.92000000","investidor10"
"2025-12-29","Ações","POMO4","Compra","30.00000000","6.21000000","investidor10"
"2025-11-25","FII","RBRY11","Compra","33.00000000","95.19000000","investidor10"
"2025-11-25","FII","KNCR11","Compra","10.00000000","105.63000000","investidor10"
"2025-11-25","FII","INLG11","Compra","14.00000000","73.90000000","investidor10"
"2025-11-25","FII","RBRR11","Compra","12.00000000","83.53000000","investidor10"
"2025-11-24","FII","VISC11","Venda","21.00000000","109.08000000","investidor10"
"2025-11-24","FII","HGLG11","Venda","12.00000000","159.95000000","investidor10"
"2025-11-24","FII","KNRI11","Venda","14.00000000","148.16000000","investidor10"
"2025-11-18","Internacional","JEPI","Compra","2.66460185","56.31000000","investidor10"
"2025-11-18","Internacional","JEPQ","Compra","2.00000000","57.00000000","investidor10"
"2025-11-07","Ações","SAPR4","Compra","20.00000000","6.82000000","investidor10"
"2025-11-07","Ações","SAPR4","Compra","99.00000000","6.83000000","investidor10"
"2025-11-07","Ações","WEGE3","Compra","13.00000000","44.28000000","investidor10"
"2025-11-06","FII","ITIT11","Venda","34.00000000","68.65000000","investidor10"
"2025-11-06","FII","KORE11","Compra","40.00000000","68.13000000","investidor10"
"2025-11-06","Ações","TOTS3","Compra","60.00000000","45.16000000","investidor10"
"2026-06-16","Cripto","ETH","Compra","0.16569567","9048.33000000","investidor10"
"2026-04-10","Cripto","BTC","Compra","0.00544731","367153.69000000","investidor10"
"2026-03-08","Cripto","BTC","Compra","0.00042176","355652.50000000","investidor10"
"2026-03-08","Cripto","ETH","Compra","0.03857859","10368.44000000","investidor10"
"2026-03-08","Cripto","SOL","Compra","1.02272727","440.05000000","investidor10"
"2025-11-26","Cripto","LINK","Venda","34.85119203","69.78000000","investidor10"
"2025-11-26","Cripto","BCH","Venda","0.44108522","2856.79000000","investidor10"
"2025-11-26","Cripto","UNI","Venda","26.75265975","32.69207653","investidor10"
"2025-11-26","Cripto","USDC","Compra","142.20765370","5.40934316","investidor10"
"2025-11-26","Cripto","BTC","Compra","0.00283723","471220.16000000","investidor10"
"2025-11-26","Cripto","USDC","Compra","184.84288350","5.41000000","investidor10"
"2025-11-26","Cripto","USDC","Compra","32.53000000","5.38000000","investidor10"
"2025-11-26","Cripto","LINK","Compra","26.75265975","70.23000000","investidor10"
"2025-11-05","Cripto","SOL","Compra","0.18179756","850.28000000","investidor10"
"2025-11-05","Cripto","USDC","Compra","18.45300000","5.41000000","investidor10"
"2025-05-05","Cripto","USDC","Compra","122.39000000","5.67000000","investidor10"
"2025-03-11","Cripto","SOL","Compra","0.40911153","732.49000000","investidor10"
"2025-03-11","Cripto","USDC","Compra","68.05000000","5.83000000","investidor10"
"2025-01-17","Cripto","BCH","Compra","0.00338736","2899.06000000","investidor10"
"2025-01-17","Cripto","USDC","Compra","40.82646280","6.05000000","investidor10"
"2025-01-17","Cripto","SOL","Compra","0.14945693","1320.87000000","investidor10"
"2025-01-17","Cripto","BTC","Compra","0.00031882","617888.70000000","investidor10"
"2024-11-15","Cripto","USDC","Compra","17.05000000","5.79000000","investidor10"
"2024-11-15","Cripto","LINK","Compra","3.79222108","78.28000000","investidor10"
"2024-11-15","Cripto","UNI","Compra","6.18401836","47.94000000","investidor10"
"2024-11-15","Cripto","BCH","Compra","0.12036157","2463.50000000","investidor10"
"2024-09-16","Cripto","USDC","Compra","70.66000000","5.51000000","investidor10"
"2024-09-10","Cripto","USDC","Compra","35.33000000","5.65000000","investidor10"
"2024-06-23","Cripto","BCH","Compra","0.13070987","2276.87000000","investidor10"
"2024-05-25","Cripto","UNI","Compra","5.21389396","56.00000000","investidor10"
"2026-06-09","Renda Fixa","CDB-NUBANK-12050","Venda","1.0000","11520.24","investidor10"
"2026-01-24","Renda Fixa","CDB-NUBANK-12027","Compra","1.0000","10000.00","investidor10"
"2025-09-17","Renda Fixa","CDB-SOFISA-11027","Venda","1.0000","1600.00","investidor10"
"2025-07-15","Renda Fixa","CDB-SOFISA-11027-1","Venda","1.0000","3850.70","investidor10"
"2025-05-13","Renda Fixa","CDB-SOFISA-11027-1","Venda","1.0000","500.00","investidor10"
"2025-05-08","Renda Fixa","CDB-NUBANK-12050","Compra","1.0000","10000.00","investidor10"
"2025-05-02","Renda Fixa","CDB-MERCADOP-12050","Compra","1.0000","10000.00","investidor10"
"2025-01-02","Renda Fixa","CDB-BANCOSEG-10625","Venda","1.0000","888.78","investidor10"
"2025-01-02","Renda Fixa","CDB-BANCOSEG-10625-1","Venda","1.0000","1361.58","investidor10"
"2025-01-02","Renda Fixa","CDB-BANCOSEG-10625-2","Venda","1.0000","389.78","investidor10"
"2025-01-02","Renda Fixa","CDB-BANCOSEG-10625-3","Venda","1.0000","5941.13","investidor10"
"2025-01-01","Renda Fixa","CDB-BANCOSEG-10625","Venda","1.0000","0.43","investidor10"
"2025-01-01","Renda Fixa","CDB-BANCOSEG-10625-1","Venda","1.0000","0.65","investidor10"
"2025-01-01","Renda Fixa","CDB-BANCOSEG-10625-2","Venda","1.0000","0.19","investidor10"
"2025-01-01","Renda Fixa","CDB-BANCOSEG-10625-3","Venda","1.0000","2.86","investidor10"
"2024-10-11","Renda Fixa","CDB-SOFISA-11030","Compra","1.0000","5300.00","investidor10"
"2024-03-25","Renda Fixa","CDB-SOFISA-11027","Compra","1.0000","16666.66","investidor10"
"2024-02-05","Renda Fixa","CDB-SOFISA-11027-1","Compra","1.0000","3630.09","investidor10"
"2024-02-01","Renda Fixa","CDB-BANCOSEG-11525","Compra","1.0000","3000.00","investidor10"
"2023-12-29","Renda Fixa","CDB-C6-11825","Compra","1.0000","6485.73","investidor10"
"2023-12-21","Renda Fixa","CDB-SOFISA-11026","Compra","1.0000","10000.00","investidor10"
"2023-08-01","Renda Fixa","CDB-BANCOSEG-10625-3","Compra","1.0000","5059.56","investidor10"
"2023-07-17","Renda Fixa","CDB-BANCOSEG-10625-2","Compra","1.0000","330.00","investidor10"
"2023-05-05","Renda Fixa","CDB-BANCOSEG-10625-1","Compra","1.0000","1122.43","investidor10"
"2023-03-14","Renda Fixa","CDB-BANCOSEG-10625","Compra","1.0000","719.14","investidor10"
"2026-06-10","Tesouro Direto","TESOURO IPCA+ COM JUROS SEMESTRAIS 2060","Compra","1.23000000","4033.48000000","investidor10"
"2026-01-19","Tesouro Direto","TESOURO IPCA+ 2040","Compra","3.06000000","1627.55000000","investidor10"
"2024-12-31","Tesouro Direto","TESOURO PREFIXADO 2027","Compra","5.37000000","745.92000000","investidor10"
"2024-07-12","Tesouro Direto","TESOURO IPCA+ 2029","Compra","1.23000000","3230.50000000","investidor10"
"2023-12-22","Tesouro Direto","TESOURO PREFIXADO COM JUROS SEMESTRAIS 2033","Compra","4.85000000","1030.45000000","investidor10"
"2022-05-02","Tesouro Direto","TESOURO IPCA+ 2026","Compra","1.27000000","3130.08000000","investidor10"
"2025-11-06","BDR","MSFT34","Compra","27.00000000","111.13000000","investidor10"
"2025-11-06","Ações","POMO4","Compra","300.00000000","7.02000000","investidor10"
"2025-11-04","ETF","DIVD11","Venda","51.00000000","57.24000000","investidor10"
"2025-11-03","Internacional","SDY","Venda","4.04144185","136.05000000","investidor10"
"2025-11-03","Internacional","NOBL","Venda","5.42722215","100.80000000","investidor10"
"2025-11-03","Internacional","SPHD","Venda","11.01616103","46.96000000","investidor10"
"2025-11-03","Internacional","DHS","Venda","5.12948000","97.47000000","investidor10"
"2025-11-03","Internacional","JEPQ","Compra","7.16003442","58.80000000","investidor10"
"2025-11-03","Internacional","QQQ","Compra","0.99908311","632.00000000","investidor10"
"2025-11-03","Internacional","IVV","Compra","0.91995516","686.99000000","investidor10"
"2025-11-03","Internacional","JEPI","Compra","7.46869711","56.37000000","investidor10"
"2025-10-13","ETF","GOLD11","Compra","18.00000000","23.39000000","investidor10"
"2025-10-01","Internacional","SPHD","Compra","4.01616103","49.80000000","investidor10"
"2025-10-01","Internacional","NOBL","Compra","1.94364215","102.90000000","investidor10"
"2025-10-01","Internacional","IVV","Compra","0.29756591","672.12000000","investidor10"
"2025-10-01","Internacional","SDY","Compra","1.42839185","140.02000000","investidor10"
"2025-10-01","Internacional","QQQ","Compra","0.32461722","603.48000000","investidor10"
"2025-09-23","Ações","MRFG3","Venda","156.00000000","15.78576923","investidor10"
"2025-09-23","Ações","MBRF3","Compra","156.00000000","15.78576923","investidor10"
"2025-09-16","Ações","MRFG3","Compra","57.00000000","26.79000000","investidor10"
"2025-09-10","ETF","DIVD11","Compra","10.00000000","54.80000000","investidor10"
"2025-09-10","FII","CPTS11","Compra","50.00000000","7.42000000","investidor10"
"2025-08-18","Ações","BBSE3","Compra","10.00000000","33.00000000","investidor10"
"2025-08-18","Ações","WEGE3","Compra","20.00000000","36.33000000","investidor10"
"2025-08-18","FII","XPML11","Compra","4.00000000","100.59000000","investidor10"
"2025-08-18","FII","CPTS11","Compra","70.00000000","7.33000000","investidor10"
"2025-08-18","Ações","SAPR4","Compra","300.00000000","6.55000000","investidor10"
"2025-08-18","ETF","NDIV11","Compra","10.00000000","106.81000000","investidor10"
"2025-08-18","ETF","HASH11","Compra","10.00000000","90.58000000","investidor10"
"2025-08-05","Ações","BBAS3","Compra","35.00000000","18.84000000","investidor10"
"2024-05-25","Cripto","UNI","Compra","8.65846994","56.93000000","investidor10"
"2024-04-19","Cripto","ETH","Compra","0.00996139","9880.14000000","investidor10"
"2024-03-23","Cripto","BCH","Compra","0.18662642","3189.25000000","investidor10"
"2024-03-23","Cripto","LINK","Compra","4.30631120","92.14000000","investidor10"
"2024-03-23","Cripto","UNI","Compra","6.69627749","59.25000000","investidor10"
"2024-03-22","Cripto","BTC","Compra","0.00346124","314627.12000000","investidor10"
"2024-03-19","Cripto","SOL","Compra","0.85047335","929.36000000","investidor10"
"2024-03-06","Cripto","SOL","Compra","0.31104042","637.85000000","investidor10"
"2023-12-23","Cripto","ETH","Compra","0.08904515","11198.87000000","investidor10"
"2022-09-11","Cripto","ETH","Compra","0.01081065","9079.01000000","investidor10"
"2025-06-25","ETF","AUVP11","Compra","40.00000000","99.70000000","investidor10"
"2025-06-17","FII","CPFF11","Venda","30.00000000","72.77800000","investidor10"
"2025-06-17","FII","CPTS11","Compra","233.00000000","9.37055794","investidor10"
"2025-05-28","ETF","SPYI11","Compra","7.00000000","111.62000000","investidor10"
"2025-05-28","FII","SNAG11","Compra","105.00000000","9.69000000","investidor10"
"2025-05-28","FII","MANA11","Compra","120.00000000","8.85000000","investidor10"
"2025-05-28","FII","VGRI11","Compra","70.00000000","8.07000000","investidor10"
"2025-05-27","Internacional","JEPI","Compra","4.46289000","56.02000000","investidor10"
"2025-05-27","Internacional","JEPQ","Compra","5.76600000","52.59000000","investidor10"
"2025-05-26","Ações","VIVA3","Venda","45.00000000","25.48000000","investidor10"
"2025-05-26","FII","VINO11","Venda","443.00000000","5.10000000","investidor10"
"2025-05-26","FII","INLG11","Venda","1.00000000","75.23000000","investidor10"
"2025-05-23","Stocks","IVR","Venda","32.83212000","7.33000000","investidor10"
"2025-05-23","Stocks","ORC","Venda","42.84926000","6.89000000","investidor10"
"2025-05-09","Internacional","JEPQ","Compra","6.00000000","51.61000000","investidor10"
"2025-05-08","FII","ITIT11","Compra","5.00000000","66.81000000","investidor10"
"2025-05-08","FII","MXRF11","Compra","50.00000000","9.31000000","investidor10"
"2025-05-08","FII","GARE11","Compra","245.00000000","8.70000000","investidor10"
"2025-05-05","ETF","HASH11","Compra","7.00000000","70.00000000","investidor10"
"2025-05-05","Internacional","DHS","Compra","2.12948000","93.92000000","investidor10"
"2025-05-05","Internacional","IVV","Compra","0.55103000","568.02000000","investidor10"
"2025-05-05","Internacional","JEPI","Compra","5.38237000","55.74000000","investidor10"
"2025-04-25","ETF","SPYI11","Compra","9.00000000","106.31000000","investidor10"
"2025-04-25","ETF","GOLD11","Compra","41.00000000","19.61000000","investidor10"
"2025-04-08","ETF","NSDV11","Compra","9.00000000","114.44000000","investidor10"
"2025-04-07","ETF","GOLD11","Compra","27.00000000","18.70000000","investidor10"
"2025-04-07","Ações","BBAS3","Compra","18.00000000","27.85000000","investidor10"
"2025-04-07","Ações","PETR4","Compra","15.00000000","33.98000000","investidor10"
"2025-04-07","Ações","CSMG3","Compra","26.00000000","19.63000000","investidor10"
"2025-03-17","FII","SNAG11","Compra","215.00000000","9.12000000","investidor10"
"2025-03-17","FII","MANA11","Compra","239.00000000","8.46000000","investidor10"
"2025-03-12","ETF","HASH11","Compra","5.00000000","64.64000000","investidor10"
"2025-03-12","Internacional","SPHD","Compra","7.00000000","49.44000000","investidor10"
"2025-03-12","Internacional","DHS","Compra","3.00000000","97.01000000","investidor10"
"2025-03-12","Stocks","ORC","Compra","5.00000000","8.13000000","investidor10"
"2025-02-28","ETF","GOLD11","Compra","114.00000000","17.52000000","investidor10"
"2025-02-26","ETF","XFIX11","Venda","126.00000000","11.15000000","investidor10"
"2025-02-26","ETF","BOVX11","Venda","115.00000000","12.79000000","investidor10"
"2025-02-03","FII","HGLG11","Compra","3.00000000","150.00000000","investidor10"
"2025-02-03","Ações","CMIG4","Compra","50.00000000","11.24000000","investidor10"
"2025-02-03","ETF","DIVD11","Compra","41.00000000","51.43000000","investidor10"
"2025-01-17","FII","VGRI11","Compra","142.00000000","7.26000000","investidor10"
"2025-01-02","Ações","KEPL3","Compra","200.00000000","9.20000000","investidor10"
"2025-01-02","ETF","SPYI11","Compra","4.00000000","127.39000000","investidor10"
"2025-01-02","Ações","BBDC3","Compra","50.00000000","10.36000000","investidor10"
"2025-01-02","Ações","BBAS3","Compra","73.00000000","23.99000000","investidor10"
"2024-12-18","Ações","TAEE11","Compra","15.00000000","33.34000000","investidor10"
"2024-12-18","Ações","BBDC3","Compra","50.00000000","10.64000000","investidor10"
"2024-12-18","FII","VGRI11","Compra","200.00000000","7.42000000","investidor10"
"2024-12-18","FII","INLG11","Compra","10.00000000","65.49000000","investidor10"
"2024-12-18","FII","XPLG11","Compra","7.00000000","88.95000000","investidor10"
"2024-12-18","FII","VINO11","Compra","150.00000000","4.49000000","investidor10"
"2024-11-26","ETF","NSDV11","Compra","1.00000000","118.93000000","investidor10"
"2024-11-26","BDR","INBR32","Compra","6.00000000","32.75000000","investidor10"
"2024-11-13","Stocks","ORC","Compra","2.21134000","7.76000000","investidor10"
"2024-10-25","FII","MXRF11","Compra","2.00000000","9.48000000","investidor10"
"2024-10-25","FII","ITIT11","Compra","4.00000000","72.00000000","investidor10"
"2024-10-25","FII","RBRR11","Compra","4.00000000","84.07000000","investidor10"
"2024-10-25","FII","XPML11","Compra","3.00000000","103.58000000","investidor10"
"2024-10-25","FII","VISC11","Compra","3.00000000","102.10000000","investidor10"
"2024-10-25","FII","VISC11","Compra","3.00000000","102.07000000","investidor10"
"2024-10-25","FII","KNRI11","Compra","3.00000000","137.62000000","investidor10"
"2024-10-25","FII","CPFF11","Compra","5.00000000","62.27000000","investidor10"
"2024-09-27","FII","LGCP11","Venda","19.00000000","84.32421053","investidor10"
"2024-09-27","FII","INLG11","Compra","19.00000000","84.32421053","investidor10"
"2024-09-05","Ações","CMIG4","Compra","100.00000000","11.86000000","investidor10"
"2024-09-05","Ações","PETR4","Compra","10.00000000","38.85000000","investidor10"
"2024-09-05","Ações","VALE3","Compra","9.00000000","57.63000000","investidor10"
"2024-09-05","BDR","INBR32","Compra","3.00000000","40.83000000","investidor10"
"2024-09-05","FII","LGCP11","Compra","2.00000000","84.41000000","investidor10"
"2024-09-05","FII","VINO11","Compra","50.00000000","5.97000000","investidor10"
"2024-09-05","Ações","WEGE3","Compra","10.00000000","53.48000000","investidor10"
"2024-09-05","Ações","LEVE3","Compra","15.00000000","30.74000000","investidor10"
"2024-09-05","Ações","BBDC3","Compra","99.00000000","14.31000000","investidor10"
"2024-09-05","Stocks","ORC","Compra","12.62270000","8.16000000","investidor10"
"2024-09-05","Stocks","IVR","Compra","12.08502000","8.60000000","investidor10"
"2024-09-05","Internacional","NOBL","Compra","1.45292000","103.24000000","investidor10"
"2024-09-05","Internacional","QQQ","Compra","0.32674000","459.08000000","investidor10"
"2024-09-05","Internacional","SDY","Compra","1.08318000","138.48000000","investidor10"
"2024-08-06","FII","MXRF11","Compra","34.00000000","10.02000000","investidor10"
"2024-07-19","FII","KNRI11","Compra","2.00000000","157.60000000","investidor10"
"2024-07-17","BDR","INBR32","Compra","9.00000000","37.14000000","investidor10"
"2024-07-17","Ações","CSMG3","Compra","85.00000000","20.64000000","investidor10"
"2024-07-15","FII","KNCR11","Compra","3.00000000","104.42000000","investidor10"
"2024-07-15","FII","VISC11","Compra","3.00000000","113.19000000","investidor10"
"2024-07-15","FII","VINO11","Compra","48.00000000","6.20000000","investidor10"
"2024-07-15","FII","MXRF11","Compra","30.00000000","10.20000000","investidor10"
"2024-07-15","ETF","NDIV11","Compra","14.00000000","111.72000000","investidor10"
"2024-07-12","Stocks","ORC","Compra","23.01522000","8.69000000","investidor10"
"2024-07-12","Stocks","IVR","Compra","20.74710000","9.64000000","investidor10"
"2024-07-12","Internacional","NOBL","Compra","2.03066000","98.49000000","investidor10"
"2024-07-12","Internacional","SDY","Compra","1.52987000","130.73000000","investidor10"
"2024-07-12","Internacional","QQQ","Compra","0.40249540","496.90000000","investidor10"
"2024-06-11","ETF","NSDV11","Compra","15.00000000","112.03000000","investidor10"
"2024-06-11","ETF","SPYI11","Compra","19.00000000","110.57000000","investidor10"
"2024-05-21","FII","XPML11","Compra","4.00000000","115.99000000","investidor10"
"2024-04-05","FII","CPFF11","Compra","6.00000000","76.54000000","investidor10"
"2024-04-05","Ações","TAEE11","Compra","12.00000000","36.20000000","investidor10"
"2024-04-05","FII","RBRR11","Compra","5.00000000","94.30000000","investidor10"
"2024-04-05","FII","ITIT11","Compra","5.00000000","79.70000000","investidor10"
"2024-04-03","Ações","VALE3","Compra","20.00000000","60.72000000","investidor10"
"2024-04-03","Ações","PETR4","Compra","30.00000000","38.61000000","investidor10"
"2024-04-03","BDR","INBR32","Compra","25.00000000","28.24000000","investidor10"
"2024-04-01","Ações","WEGE3","Compra","30.00000000","37.85000000","investidor10"
"2024-04-01","Ações","LEVE3","Compra","30.00000000","34.01000000","investidor10"
"2024-04-01","Ações","VIVA3","Compra","30.00000000","24.96000000","investidor10"
"2024-04-01","Ações","TAEE11","Compra","15.00000000","36.41000000","investidor10"
"2024-01-10","Ações","TAEE11","Compra","13.00000000","37.74000000","investidor10"
"2024-01-10","Ações","VIVA3","Compra","15.00000000","35.12000000","investidor10"
"2024-01-10","Ações","BBSE3","Compra","35.00000000","33.23000000","investidor10"
"2024-01-10","Ações","MRFG3","Compra","99.00000000","9.45000000","investidor10"
"2024-01-02","FII","HGRE11","Venda","4.00000000","132.57000000","investidor10"
"2024-01-02","FII","VILG11","Venda","4.00000000","98.49000000","investidor10"
"2024-01-02","FII","VILG11","Venda","2.00000000","98.48000000","investidor10"
"2024-01-02","ETF","XFIX11","Compra","106.00000000","11.89000000","investidor10"
"2024-01-02","ETF","XFIX11","Compra","20.00000000","11.85000000","investidor10"
"2024-01-02","ETF","BOVX11","Compra","115.00000000","13.49000000","investidor10"
"2024-01-02","FII","XPLG11","Compra","10.00000000","108.95000000","investidor10"
"2024-01-02","FII","XPLG11","Compra","2.00000000","108.94000000","investidor10"
"2024-01-02","FII","XPLG11","Compra","2.00000000","108.92000000","investidor10"
"2024-01-02","FII","XPML11","Compra","12.00000000","119.10000000","investidor10"
"2024-01-02","FII","KNCR11","Compra","9.00000000","103.48000000","investidor10"
"2024-01-02","FII","KNCR11","Compra","5.00000000","103.47000000","investidor10"
"2024-01-02","FII","HGLG11","Compra","9.00000000","161.78000000","investidor10"
"2024-01-02","FII","KNRI11","Compra","4.00000000","164.99000000","investidor10"
"2024-01-02","FII","KNRI11","Compra","5.00000000","164.98000000","investidor10"
"2024-01-02","FII","VINO11","Compra","135.00000000","7.66000000","investidor10"
"2024-01-02","FII","VISC11","Compra","7.00000000","124.33000000","investidor10"
"2024-01-02","FII","ITIT11","Compra","1.00000000","76.93000000","investidor10"
"2024-01-02","FII","ITIT11","Compra","10.00000000","76.92000000","investidor10"
"2024-01-02","FII","CPFF11","Compra","7.00000000","77.09000000","investidor10"
"2024-01-02","FII","CPFF11","Compra","1.00000000","77.10000000","investidor10"
"2024-01-02","FII","CPFF11","Compra","1.00000000","77.10000000","investidor10"
"2024-01-02","FII","LGCP11","Compra","3.00000000","89.70000000","investidor10"
"2024-01-02","FII","LGCP11","Compra","4.00000000","89.69000000","investidor10"
"2024-01-02","FII","MXRF11","Compra","23.00000000","10.49000000","investidor10"
"2024-01-02","FII","RBRR11","Compra","2.00000000","89.27000000","investidor10"
"2023-09-21","FII","MXRF11","Compra","13.00000000","10.97000000","investidor10"
"2023-09-21","FII","RBRR11","Compra","2.00000000","89.55000000","investidor10"
"2023-09-05","FII","LGCP11","Compra","1.00000000","87.20000000","investidor10"
"2023-08-14","BDR","NUBR33","Venda","160.00000000","8.36000000","investidor10"
"2023-08-14","BDR","ROXO34","Compra","160.00000000","8.36000000","investidor10"
"2023-08-08","FII","MXRF11","Compra","6.00000000","10.61000000","investidor10"
"2023-07-27","FII","MXRF11","Compra","71.00000000","10.53000000","investidor10"
"2023-07-27","FII","RBRR11","Compra","4.00000000","91.50000000","investidor10"
"2023-06-26","FII","MXRF11","Compra","8.00000000","10.77000000","investidor10"
"2023-06-19","FII","MXRF11","Compra","21.00000000","10.94000000","investidor10"
"2023-04-18","FII","VILG11","Compra","3.00000000","89.82000000","investidor10"
"2023-04-18","FII","CPFF11","Compra","4.00000000","58.98000000","investidor10"
"2023-04-14","FII","ITIT11","Compra","3.00000000","71.80000000","investidor10"
"2023-04-14","FII","VISC11","Compra","2.00000000","105.79000000","investidor10"
"2023-04-14","FII","VINO11","Compra","5.00000000","41.64000000","investidor10"
"2023-03-21","FII","RBRR11","Compra","3.00000000","85.06000000","investidor10"
"2023-03-21","FII","ITIT11","Compra","2.00000000","70.93000000","investidor10"
"2023-03-21","FII","LGCP11","Compra","1.00000000","72.62000000","investidor10"
"2023-03-21","FII","LGCP11","Compra","1.00000000","72.59000000","investidor10"
"2023-03-21","FII","LGCP11","Compra","1.00000000","72.58000000","investidor10"
"2023-01-06","FII","LGCP11","Compra","3.00000000","81.56000000","investidor10"
"2023-01-06","FII","RBRR11","Compra","3.00000000","88.80000000","investidor10"
"2023-01-06","FII","HGRE11","Compra","2.00000000","116.27000000","investidor10"
"2022-11-03","FII","HGRE11","Compra","2.00000000","138.08000000","investidor10"
"2022-11-03","FII","LGCP11","Compra","3.00000000","85.27000000","investidor10"
"2022-11-03","FII","VILG11","Compra","3.00000000","108.19000000","investidor10"
"2022-11-03","FII","ITIT11","Compra","4.00000000","82.00000000","investidor10"
"2022-11-03","FII","RBRR11","Compra","3.00000000","90.34000000","investidor10"
"2022-11-03","FII","VISC11","Compra","3.00000000","113.02000000","investidor10"
"2022-06-20","Ações","BIDI11","Venda","18.00000000","51.21555556","investidor10"
"2022-06-20","BDR","INBR32","Compra","9.00000000","102.43111111","investidor10"
"2021-12-08","BDR","NUBR33","Compra","160.00000000","8.36000000","investidor10"
"2021-11-25","FII","PVBI11","Venda","6.00000000","80.45000000","investidor10"
"2021-11-25","FII","VILG11","Venda","5.00000000","89.98000000","investidor10"
"2021-11-25","FII","HSML11","Venda","5.00000000","70.49000000","investidor10"
"2021-06-11","Ações","BIDI11","Compra","6.00000000","64.98000000","investidor10"
"2021-01-21","FII","HSML11","Compra","2.00000000","97.79000000","investidor10"
"2021-01-21","FII","HSML11","Compra","3.00000000","97.77000000","investidor10"
"2021-01-21","FII","VILG11","Compra","5.00000000","121.69000000","investidor10"
"2021-01-21","FII","CPFF11","Compra","6.00000000","80.50000000","investidor10"
"2021-01-21","FII","PVBI11","Compra","6.00000000","94.20000000","investidor10"
"2021-01-21","FII","VINO11","Compra","7.00000000","62.11000000","investidor10"
"2021-01-19","Ações","BIDI11","Compra","4.00000000","133.00000000","investidor10"
